<!-- Dawnbreaker Items -->
<item id="7744" article="a" name="dawnbreaker sword">
	<attribute key="description" value="It seems like there is even more untapped power within this sword." />
	<attribute key="weight" value="5000" />
	<attribute key="defense" value="29" />
	<attribute key="attack" value="32" />
	<attribute key="weaponType" value="sword" />
	<attribute key="extradef" value="3" />
	<attribute key="elementFire" value="12" />
</item>
<item id="7751" article="a" name="dawnbreaker axe">
	<attribute key="description" value="It seems like there is even more untapped power within this axe." />
	<attribute key="weight" value="6100" />
	<attribute key="defense" value="26" />
	<attribute key="attack" value="34" />
	<attribute key="weaponType" value="axe" />
	<attribute key="extradef" value="2" />
	<attribute key="elementFire" value="12" />
</item>
<item id="7756" article="a" name="dawnbreaker club">
	<attribute key="description" value="It seems like there is even more untapped power within this club." />
	<attribute key="weight" value="7800" />
	<attribute key="defense" value="18" />
	<attribute key="attack" value="37" />
	<attribute key="weaponType" value="club" />
	<attribute key="extradef" value="-2" />
	<attribute key="elementFire" value="12" />
</item>
<item id="7763" article="a" name="superheated dawnbreaker sword">
	<attribute key="description" value="The power coming from the blue flame is incredible." />
	<attribute key="weight" value="5000" />
	<attribute key="defense" value="29" />
	<attribute key="attack" value="32" />
	<attribute key="weaponType" value="sword" />
	<attribute key="extradef" value="3" />
	<attribute key="elementFire" value="24" />
	<attribute key="decayTo" value="7744" />
	<attribute key="duration" value="10" />
</item>
<item id="7770" article="a" name="superheated dawnbreaker axe">
	<attribute key="description" value="The power coming from the blue flame is incredible." />
	<attribute key="weight" value="6100" />
	<attribute key="defense" value="26" />
	<attribute key="attack" value="34" />
	<attribute key="weaponType" value="axe" />
	<attribute key="extradef" value="2" />
	<attribute key="elementFire" value="24" />
	<attribute key="decayTo" value="7751" />
	<attribute key="duration" value="10" />
</item>
<item id="7775" article="a" name="superheated dawnbreaker club">
	<attribute key="description" value="The power coming from the blue flame is incredible." />
	<attribute key="weight" value="7800" />
	<attribute key="defense" value="18" />
	<attribute key="attack" value="37" />
	<attribute key="weaponType" value="club" />
	<attribute key="extradef" value="-2" />
	<attribute key="elementFire" value="24" />
	<attribute key="decayTo" value="7756" />
	<attribute key="duration" value="10" />
</item>
<!-- Rainbow Shield -->
<item id="8905" article="a" name="rainbow shield">
	<attribute key="description" value="Strange elemental magic flows over this shield." />
	<attribute key="weight" value="6900" />
	<attribute key="defense" value="39" />
	<attribute key="weaponType" value="shield" />
	<attribute key="speed" value="80" />
	<attribute key="skillShield" value="3" />
</item>
<item id="8906" article="a" name="fiery rainbow shield">
	<attribute key="description" value="It has been temporarily imbued with fire magic and boosts your regeneration." />
	<attribute key="weight" value="6900" />
	<attribute key="defense" value="36" />
	<attribute key="weaponType" value="shield" />
	<attribute key="absorbPercentFire" value="10" />
	<attribute key="duration" value="60" />
	<attribute key="decayTo" value="8905" />
	<attribute key="healthGain" value="1" />
	<attribute key="healthTicks" value="3000" />
	<attribute key="manaGain" value="4" />
	<attribute key="manaTicks" value="3000" />
	<attribute key="skillShield" value="3" />
</item>
<item id="8907" article="an" name="icy rainbow shield">
	<attribute key="description" value="It has been temporarily imbued with ice magic and boosts your regeneration." />
	<attribute key="weight" value="6900" />
	<attribute key="defense" value="36" />
	<attribute key="weaponType" value="shield" />
	<attribute key="absorbPercentIce" value="10" />
	<attribute key="duration" value="60" />
	<attribute key="decayTo" value="8905" />
	<attribute key="healthGain" value="1" />
	<attribute key="healthTicks" value="3000" />
	<attribute key="manaGain" value="4" />
	<attribute key="manaTicks" value="3000" />
	<attribute key="skillShield" value="3" />
</item>
<item id="8908" article="a" name="sparking rainbow shield">
	<attribute key="description" value="It has been temporarily imbued with energy magic and boosts your regeneration." />
	<attribute key="weight" value="6900" />
	<attribute key="defense" value="36" />
	<attribute key="weaponType" value="shield" />
	<attribute key="absorbPercentEnergy" value="10" />
	<attribute key="duration" value="60" />
	<attribute key="decayTo" value="8905" />
	<attribute key="healthGain" value="1" />
	<attribute key="healthTicks" value="3000" />
	<attribute key="manaGain" value="4" />
	<attribute key="manaTicks" value="3000" />
	<attribute key="skillShield" value="3" />
</item>
<item id="8909" article="a" name="terran rainbow shield">
	<attribute key="description" value="It has been temporarily imbued with earth magic and boosts your regeneration." />
	<attribute key="weight" value="6900" />
	<attribute key="defense" value="36" />
	<attribute key="weaponType" value="shield" />
	<attribute key="absorbPercentEarth" value="10" />
	<attribute key="duration" value="60" />
	<attribute key="decayTo" value="8905" />
	<attribute key="healthGain" value="1" />
	<attribute key="healthTicks" value="3000" />
	<attribute key="manaGain" value="4" />
	<attribute key="manaTicks" value="3000" />
	<attribute key="skillShield" value="3" />
</item>