<?xml version="1.0" encoding="UTF-8"?>
<monster name="ancient scarab" nameDescription="an ancient scarab" race="venom" experience="720" speed="218" manacost="0">
	<health now="1000" max="1000"/>
	<look type="79" corpse="3004"/>
	<targetchange interval="1000" chance="5"/>
	<flags>
		<flag attackable="1"/>
		<flag hostile="1"/>
		<flag summonable="0"/>
		<flag convinceable="0"/>
		<flag illusionable="0"/>
		<flag pushable="0"/>
		<flag canpushitems="1"/>
		<flag canpushcreatures="1"/>
		<flag targetdistance="1"/>
		<flag staticattack="90"/>
		<flag runonhealth="0"/>
	</flags>
	<attacks>
		<attack name="melee" interval="2000" skill="80" attack="50"/>
		<attack name="poison" interval="1000" chance="12" range="7" min="-15" max="-135">
			<attribute key="shootEffect" value="poison"/>
			<attribute key="areaEffect" value="poison"/>
		</attack>
		<attack name="speed" interval="1000" chance="13" range="7" speedchange="-600" duration="25000">
		<!--<attack name="speed" interval="1000" chance="13" range="7" speedchange="-180" duration="25000">-->
			<attribute key="shootEffect" value="poison"/>
			<attribute key="areaEffect" value="poison"/>
		</attack>
		<attack name="poisoncondition" interval="1000" chance="17" radius="5" target="0" min="-440" max="-520">
			<attribute key="areaEffect" value="poison"/>
		</attack>
		<attack name="poisoncondition" interval="1000" chance="17" radius="5" target="0" min="-440" max="-520">
			<attribute key="areaEffect" value="poison"/>
		</attack>
		<attack name="speed" interval="1000" chance="25" radius="5" target="0" speedchange="-600" duration="20000">
		<!--<attack name="speed" interval="1000" chance="25" radius="5" target="0" speedchange="-160" duration="20000">-->
			<attribute key="areaEffect" value="poison"/>
		</attack>
	</attacks>
	<summons maxSummons="3">
		<summon name="larva" interval="1000" chance="15" max="3"/>
	</summons>
	<defenses armor="36" defense="33">
		<defense name="speed" interval="1000" chance="8" speedchange="780" duration="9000">
	    <!--<defense name="speed" interval="1000" chance="8" speedchange="170" duration="9000">-->
			<attribute key="areaEffect" value="redshimmer"/>
		</defense>
	</defenses>
	<elements>
		<element earthPercent="100"/>
	</elements>
	<immunities>
		<immunity lifedrain="1"/>
		<immunity paralyze="1"/>
		<immunity invisible="1"/>
	</immunities>
	<voices interval="2000" chance="5">
	</voices>
	<loot>
		<item id="1987" chance="100000"><!-- bag -->
			<inside>
				<item id="2162" chance="21800"/><!-- 21.8% magic light wand -->
				<item id="2540" chance="1000"/><!-- 1% scarab shield -->
				<item id="2440" chance="600"/><!-- 0.6% daramanian waraxe -->
			</inside>
		</item>
		<item id="2150" chance="2400" countmax="4"/><!-- 4 2.4% small amethyst -->
		<item id="2149" chance="1200" countmax="3"/><!-- 3 1.2% small emerald -->
		<item id="2159" chance="10000" countmax="2"/><!-- 2 10% scarab coin -->
		<item id="2159" chance="2000"/><!-- 2% scarab coin -->
		<item id="2135" chance="1000"/><!-- 1% scarab amulet -->
		<item id="2142" chance="2000"/><!-- 2% ancient amulet -->
		<item id="2463" chance="20000"/><!-- 20% plate armor -->
		<item id="2148" chance="88800" countmax="100"/><!-- 100 88.8% gold coin -->
	    <item id="2148" chance="75700" countmax="66"/><!-- 66 75.7% gold coin -->
		<item id="2148" chance="99900" countmax="22"/><!-- 22 99.9% gold coin -->
	</loot>
</monster>