<?xml version="1.0" encoding="UTF-8"?>
<monster name="cobra" nameDescription="a cobra" race="blood" experience="30" speed="120" manacost="275">
	<health now="65" max="65"/>
	<look type="81" corpse="3007"/>
	<targetchange interval="1000" chance="0"/>
	<flags>
		<flag attackable="1"/>
		<flag hostile="1"/>
		<flag summonable="1"/>
		<flag convinceable="1"/>
		<flag illusionable="1"/>
		<flag pushable="1"/>
		<flag canpushitems="0"/>
		<flag canpushcreatures="0"/>
		<flag targetdistance="1"/>
		<flag staticattack="90"/>
		<flag runonhealth="0"/>
	</flags>
	<attacks>
		<attack name="melee" interval="2000" skill="23" attack="15" poison="100"/>
		<attack name="poisoncondition" interval="1000" chance="25" range="5" min="-14" max="-26">
			<attribute key="shooteffect" value="poison"/>
		</attack>
	</attacks>
	<defenses armor="1" defense="6">
	</defenses>
	<elements>
		<element earthPercent="100"/>
	</elements>
	<immunities>
	</immunities>
	<voices interval="2000" chance="5">
		<voice sentence="Zzzzzz"/>
	</voices>
	<loot>
	</loot>
</monster>