<?xml version="1.0" encoding="UTF-8"?>
<monster name="elf arcanist" nameDescription="an elf arcanist" race="blood" experience="175" speed="220" manacost="0">
	<health now="220" max="220"/>
	<look type="63" corpse="2979"/>
	<targetchange interval="1000" chance="50"/>
	<flags>
		<flag attackable="1"/>
		<flag hostile="1"/>
		<flag summonable="0"/>
		<flag convinceable="0"/>
		<flag illusionable="0"/>
		<flag pushable="0"/>
		<flag canpushitems="1"/>
		<flag canpushcreatures="0"/>
		<flag targetdistance="4"/>
		<flag staticattack="90"/>
		<flag runonhealth="0"/>
	</flags>
	<attacks>
		<attack name="melee" interval="2000" skill="25" attack="20"/>
		<attack name="physical" interval="1000" chance="9" range="7" min="-15" max="-45">
			<attribute key="shootEffect" value="arrow"/>
		</attack>
		<attack name="energy" interval="1000" chance="9" range="7" min="-30" max="-50">
			<attribute key="shootEffect" value="energy"/>
			<attribute key="areaEffect" value="energy"/>
		</attack>
		<attack name="physical" interval="1000" chance="12" range="7" min="-60" max="-80">
			<attribute key="shootEffect" value="death"/>
		</attack>
	</attacks>
	<defenses armor="15" defense="20">
		<defense name="healing" interval="1000" chance="20" min="42" max="68">
			<attribute key="areaEffect" value="blueshimmer"/>
		</defense>
	</defenses>
	<elements>
		<element firePercent="100"/>
		<element earthPercent="100"/>
		<element energyPercent="100"/>
	</elements>
	<immunities>
		<immunity invisible="1"/>
	</immunities>
	<voices interval="2000" chance="5">
		<voice sentence="Feel my wrath!"/>
		<voice sentence="For the Daughter of the Stars!"/>
		<voice sentence="I'll bring balance upon you!"/>
		<voice sentence="Tha'shi Cenath!"/>
		<voice sentence="Vihil Ealuel!"/>
	</voices>
	<loot>
		<item id="1987" chance="100000"><!-- bag -->
			<inside>
				<item id="2047" chance="44000"/><!-- 44% candlestick -->
				<item id="2401" chance="22000"/><!-- 22% staff -->
				<item id="2189" chance="2000"/><!-- 2% wand of cosmic energy -->
				<item id="2198" chance="2000"/><!-- 4% elven amulet -->
			</inside>
		</item>
		<item id="2652" chance="14000"/><!-- 14% green tunic -->
		<item id="2642" chance="26000"/><!-- 26% sandals -->
		<item id="2260" chance="36000"/><!-- 36% blank rune -->
		<item id="2802" chance="10000"/><!-- 10% sling herb -->
		<item id="2747" chance="14000"/><!-- 14% grave flower -->
		<item id="2154" chance="300"/><!-- 0.2% yellow gem -->
		<item id="2032" chance="11000"/><!-- 11% bowl -->
		<item id="1949" chance="60000"/><!-- 60% scroll -->
		<item id="2600" chance="18000"/><!-- 18% inkwell -->
		<item id="2177" chance="2000"/><!-- 2% life crystal -->
		<item id="2544" chance="12000"  countmax="3"/><!-- 3 12% arrow -->
		<item id="2689" chance="28000"/><!-- 28% bread -->
		<item id="2682" chance="44000"/><!-- 44% melon -->
	</loot>
</monster>