<?xml version="1.0" encoding="UTF-8"?>
<monster name="flamingo" nameDescription="a flamingo" race="blood" experience="0" speed="168" manacost="250">
	<health now="25" max="25"/>
	<look type="212" corpse="4301"/>
	<targetchange interval="1000" chance="0"/>
	<flags>
		<flag attackable="1"/>
		<flag hostile="0"/>
		<flag summonable="1"/>
		<flag convinceable="1"/>
		<flag illusionable="1"/>
		<flag pushable="1"/>
		<flag canpushitems="0"/>
		<flag canpushcreatures="0"/>
		<flag targetdistance="1"/>
		<flag staticattack="90"/>
		<flag runonhealth="25"/>
	</flags>
	<attacks>
		<attack name="melee" interval="2000" skill="9" attack="4"/>
	</attacks>
	<defenses armor="1" defense="6">
	</defenses>
	<elements>
	</elements>
	<immunities>
	</immunities>
	<voices interval="2000" chance="5">
	</voices>
	<loot>
	</loot>
</monster>