<?xml version="1.0" encoding="UTF-8"?>
<monster name="giant spider" nameDescription="a giant spider" race="venom" experience="900" speed="240" manacost="0">
	<health now="1300" max="1300"/>
	<look type="38" corpse="2857"/>
	<targetchange interval="1000" chance="10"/>
	<flags>
		<flag attackable="1"/>
		<flag hostile="1"/>
		<flag summonable="0"/>
		<flag convinceable="0"/>
		<flag illusionable="0"/>
		<flag pushable="0"/>
		<flag canpushitems="1"/>
		<flag canpushcreatures="1"/>
		<flag targetdistance="1"/>
		<flag staticattack="90"/>
		<flag runonhealth="0"/>
	</flags>
	<attacks>
		<attack name="melee" interval="2000" skill="80" attack="65"/>
		<attack name="poisonfield" interval="1000" chance="17" range="7" radius="1" target="1">
			<attribute key="shootEffect" value="poison"/>
		</attack>
	</attacks>
	<defenses armor="30" defense="40">
		<defense name="speed" interval="1000" chance="6" speedchange="540" duration="20000">
		<!--<defense name="speed" interval="1000" chance="6" speedchange="130" duration="20000">-->
			<attribute key="areaEffect" value="redshimmer"/>
		</defense>
	</defenses>
	<summons maxSummons="2">
		<summon name="poison spider" interval="1000" chance="10" max="2"/>
	</summons>
	<elements>
		<element firePercent="100"/>
		<element earthPercent="100"/>
	</elements>
	<immunities>
		<immunity lifedrain="1"/>
		<immunity invisible="1"/>
	</immunities>
	<voices interval="2000" chance="5">
	</voices>
	<loot>
		<item id="1987" chance="100000"><!-- bag -->
			<inside>
				<item id="2169" chance="1400"/><!-- 1.4% time ring -->
			</inside>
		</item>
		<item id="2171" chance="300"/><!-- 0.1% platinum amulet -->
		<item id="2463" chance="20000"/><!-- 20% plate armor -->
		<item id="2478" chance="16000"/><!-- 16% brass legs -->
		<item id="2457" chance="10000"/><!-- 10% steel helmet -->
		<item id="2477" chance="600"/><!-- 0.6% knight legs -->
		<item id="2476" chance="600"/><!-- 0.6% knight armor -->
		<item id="2148" chance="66600" countmax="55"/><!-- 55 66.6% gold coin -->
		<item id="2148" chance="66600" countmax="33"/><!-- 33 66.6% gold coin -->
		<item id="2148" chance="99900" countmax="11"/><!-- 11 99.9% gold coin -->
	</loot>
</monster>