<?xml version="1.0" encoding="UTF-8"?>
<monster name="lion" nameDescription="a lion" race="blood" experience="30" speed="190" manacost="320">
	<health now="80" max="80"/>
	<look type="41" corpse="2889"/>
	<targetchange interval="1000" chance="0"/>
	<flags>
		<flag attackable="1"/>
		<flag hostile="1"/>
		<flag summonable="1"/>
		<flag convinceable="1"/>
		<flag illusionable="1"/>
		<flag pushable="0"/>
		<flag canpushitems="0"/>
		<flag canpushcreatures="0"/>
		<flag targetdistance="1"/>
		<flag staticattack="90"/>
		<flag runonhealth="10"/>
	</flags>
	<attacks>
		<attack name="melee" interval="2000" skill="32" attack="20"/>
	</attacks>
	<defenses armor="6" defense="13">
	</defenses>
	<elements>
	</elements>
	<immunities>
	</immunities>
	<voices interval="2000" chance="5">
		<voice sentence="Groarrr!"/>
	</voices>
	<loot>
		<item id="2666" chance="45000" countmax="3"/><!-- 3 45% meat -->
		<item id="2671" chance="40000" countmax="2"/><!-- 2 40% ham -->
	</loot>
</monster>