<?xml version="1.0" encoding="UTF-8"?>
<monster name="minotaur guard" nameDescription="a minotaur guard" race="blood" experience="160" speed="190" manacost="550">
	<health now="185" max="185"/>
	<look type="29" corpse="2876"/>
	<targetchange interval="1000" chance="5"/>
	<flags>
		<flag attackable="1"/>
		<flag hostile="1"/>
		<flag summonable="1"/>
		<flag convinceable="1"/>
		<flag illusionable="1"/>
		<flag pushable="0"/>
		<flag canpushitems="1"/>
		<flag canpushcreatures="1"/>
		<flag targetdistance="1"/>
		<flag staticattack="90"/>
		<flag runonhealth="0"/>
	</flags>
	<attacks>
		<attack name="melee" interval="2000" skill="50" attack="35"/>
	</attacks>
	<defenses armor="15" defense="32">
	</defenses>
	<elements>
	</elements>
	<immunities>
	</immunities>
	<voices interval="2000" chance="5">
		<voice sentence="Kirll Karrrl!"/>
		<voice sentence="Kaplar!"/>
	</voices>
	<loot>
		<item id="1987" chance="100000"><!-- bag -->
			<inside>
				<item id="2387" chance="800"/><!-- 0.8% double axe -->
				<item id="2388" chance="20000"/><!-- 20% hatchet -->
				<item id="2513" chance="4000"/><!-- 4% battle shield -->
				<item id="2580" chance="10000"/><!-- 10% fishing rod -->
			</inside>
		</item>
		<item id="2648" chance="2000"/><!-- 2% chain legs -->
		<item id="2649" chance="30000"/><!-- 30% leather legs -->
		<item id="2465" chance="8000"/><!-- 8% brass armor -->
		<item id="2464" chance="6000"/><!-- 6% chain armor -->
		<item id="2148" chance="60000" countmax="20"/><!-- 20 60% gold coin -->
		<item id="2666" chance="20000"/><!-- 20% meat -->
	</loot>
</monster>