<?xml version="1.0"?>
<monsters>
	<monster name="Amazon" file="amazon.xml"/>
	<monster name="Ancient Scarab" file="ancient scarab.xml"/>
	<monster name="Assassin" file="assassin.xml"/>
	<monster name="Badger" file="badger.xml"/>
	<monster name="Bandit" file="bandit.xml"/>
	<monster name="Banshee" file="banshee.xml"/>
	<monster name="Bat" file="bat.xml"/>
	<monster name="Bear" file="bear.xml"/>
	<monster name="Behemoth" file="behemoth.xml"/>
	<monster name="Beholder" file="beholder.xml"/>
	<monster name="Black Knight" file="black knight.xml"/>
	<monster name="Black Sheep" file="black sheep.xml"/>
	<monster name="Blue Djinn" file="blue djinn.xml"/>
	<monster name="Bonebeast" file="bonebeast.xml"/>
	<monster name="Bug" file="bug.xml"/>
	<monster name="Butterfly" file="butterfly.xml"/>
		<monster name="Purple Butterfly" file="butterfly purple.xml"/>
		<monster name="Yellow Butterfly " file="butterfly yellow.xml"/>
		<monster name="Red Butterfly" file="butterfly red.xml"/>
		<monster name="Blue Butterfly" file="butterfly blue.xml"/>
	<monster name="Carniphila" file="carniphila.xml"/>
	<monster name="Cave Rat" file="cave rat.xml"/>
	<monster name="Centipede" file="centipede.xml"/>
	<monster name="Chicken" file="chicken.xml"/>
	<monster name="Cobra" file="cobra.xml"/>
	<monster name="Crab" file="crab.xml"/>
	<monster name="Crocodile" file="crocodile.xml"/>
	<monster name="Crypt Shambler" file="crypt shambler.xml"/>
	<monster name="Cyclops" file="cyclops.xml"/>
	<monster name="Dark Monk" file="dark monk.xml"/>
	<monster name="Deer" file="deer.xml"/>
	<monster name="Demon Skeleton" file="demon skeleton.xml"/>
	<monster name="Demon" file="demon.xml"/>
	<monster name="Dog" file="dog.xml"/>
	<monster name="Dragon Lord" file="dragon lord.xml"/>
	<monster name="Dragon" file="dragon.xml"/>
	<monster name="Dwarf Geomancer" file="dwarf geomancer.xml"/>
	<monster name="Dwarf Guard" file="dwarf guard.xml"/>
	<monster name="Dwarf Soldier" file="dwarf soldier.xml"/>
	<monster name="Dwarf" file="dwarf.xml"/>
	<monster name="Dworc Fleshhunter" file="dworc fleshhunter.xml"/>
	<monster name="Dworc Venomsniper" file="dworc venomsniper.xml"/>
	<monster name="Dworc Voodoomaster" file="dworc voodoomaster.xml"/>
	<monster name="Efreet" file="efreet.xml"/>
	<monster name="Elder Beholder" file="elder beholder.xml"/>
	<monster name="Elephant" file="elephant.xml"/>
	<monster name="Elf Arcanist" file="elf arcanist.xml"/>
	<monster name="Elf Scout" file="elf scout.xml"/>
	<monster name="Elf" file="elf.xml"/>
	<monster name="Fire Devil" file="fire devil.xml"/>
	<monster name="Fire Elemental" file="fire elemental.xml"/>
	<monster name="Flamingo" file="flamingo.xml"/>
	<monster name="Frost Troll" file="frost troll.xml"/>
	<monster name="Gargoyle" file="gargoyle.xml"/>
	<monster name="Gazer" file="gazer.xml"/>
	<monster name="Ghost" file="ghost.xml"/>
	<monster name="Ghoul" file="ghoul.xml"/>
	<monster name="Giant Spider" file="giant spider.xml"/>
	<monster name="Goblin" file="goblin.xml"/>
	<monster name="Green Djinn" file="green djinn.xml"/>
	<monster name="Hero" file="hero.xml"/>
	<monster name="Hunter" file="hunter.xml"/>
	<monster name="Hyaena" file="hyaena.xml"/>
	<monster name="Hydra" file="hydra.xml"/>
	<monster name="Kongra" file="kongra.xml"/>
	<monster name="Larva" file="larva.xml"/>
	<monster name="Lich" file="lich.xml"/>
	<monster name="Lion" file="lion.xml"/>
	<monster name="Lizard Sentinel" file="lizard sentinel.xml"/>
	<monster name="Lizard Snakecharmer" file="lizard snakecharmer.xml"/>
	<monster name="Lizard Templar" file="lizard templar.xml"/>
	<monster name="Marid" file="marid.xml"/>
	<monster name="Merlkin" file="merlkin.xml"/>
	<monster name="Minotaur Archer" file="minotaur archer.xml"/>
	<monster name="Minotaur Guard" file="minotaur guard.xml"/>
	<monster name="Minotaur Mage" file="minotaur mage.xml"/>
	<monster name="Minotaur" file="minotaur.xml"/>
	<monster name="Monk" file="monk.xml"/>
	<monster name="Mummy" file="mummy.xml"/>
	<monster name="Necromancer" file="necromancer.xml"/>
	<monster name="Orc Berserker" file="orc berserker.xml"/>
	<monster name="Orc Leader" file="orc leader.xml"/>
	<monster name="Orc Rider" file="orc rider.xml"/>
	<monster name="Orc Shaman" file="orc shaman.xml"/>
	<monster name="Orc Spearman" file="orc spearman.xml"/>
	<monster name="Orc Warlord" file="orc warlord.xml"/>
	<monster name="Orc Warrior" file="orc warrior.xml"/>
	<monster name="Orc" file="orc.xml"/>
	<monster name="Panda" file="panda.xml"/>
	<monster name="Parrot" file="parrot.xml"/>
	<monster name="Pig" file="pig.xml"/>
	<monster name="Poison Spider" file="poison spider.xml"/>
	<monster name="Polar Bear" file="polar bear.xml"/>
	<monster name="Priestess" file="priestess.xml"/>
	<monster name="Rabbit" file="rabbit.xml"/>
	<monster name="Rat" file="rat.xml"/>
	<monster name="Rotworm" file="rotworm.xml"/>
	<monster name="Scarab" file="scarab.xml"/>
	<monster name="Scorpion" file="scorpion.xml"/>
	<monster name="Serpent Spawn" file="serpent spawn.xml"/>
	<monster name="Sheep" file="sheep.xml"/>
	<monster name="Sibang" file="sibang.xml"/>
	<monster name="Skeleton" file="skeleton.xml"/>
	<monster name="Skunk" file="skunk.xml"/>
	<monster name="Slime2" file="slime2.xml"/>
	<monster name="Slime" file="slime.xml"/>
	<monster name="Smuggler" file="smuggler.xml"/>
	<monster name="Snake" file="snake.xml"/>
	<monster name="Spider" file="spider.xml"/>
	<monster name="Spit Nettle" file="spit nettle.xml"/>
	<monster name="Stalker" file="stalker.xml"/>
	<monster name="Stone Golem" file="stone golem.xml"/>
	<monster name="Swamp Troll" file="swamp troll.xml"/>
	<monster name="Tarantula" file="tarantula.xml"/>
	<monster name="Terror Bird" file="terror bird.xml"/>
	<monster name="Tiger" file="tiger.xml"/>
	<monster name="Troll" file="troll.xml"/>
	<monster name="Training Monk" file="training monk.xml"/>
	<monster name="Valkyrie" file="valkyrie.xml"/>
	<monster name="Vampire" file="vampire.xml"/>
	<monster name="War Wolf" file="war wolf.xml"/>
	<monster name="Warlock" file="warlock.xml"/>
	<monster name="Wasp" file="wasp.xml"/>
	<monster name="Wild Warrior" file="wild warrior.xml"/>
	<monster name="Winter Wolf" file="winter wolf.xml"/>
	<monster name="Witch" file="witch.xml"/>
	<monster name="Wolf" file="wolf.xml"/>
	<monster name="Yeti" file="yeti.xml"/>

<!-- Bosses -->
	<monster name="Ashmunrah" file="bosses/ashmunrah.xml"/>
	<monster name="Deathslicer" file="bosses/deathslicer.xml"/>
	<monster name="Demodras" file="bosses/demodras.xml"/>
	<monster name="demongoblin" file="bosses/demongoblin.xml"/>
	<monster name="Dharalion" file="bosses/dharalion.xml"/>
	<monster name="Dipthrah" file="bosses/dipthrah.xml"/>
	<monster name="Fernfang" file="bosses/fernfang.xml"/>
	<monster name="Flamethrower" file="bosses/flamethrower.xml"/>
	<monster name="General Murius" file="bosses/general murius.xml"/>
	<monster name="Grorlam" file="bosses/grorlam.xml"/>
	<monster name="Magicthrower" file="bosses/magicthrower.xml"/>
	<monster name="Mahrdis" file="bosses/mahrdis.xml"/>
	<monster name="Morguthis" file="bosses/morguthis.xml"/>
	<monster name="Necropharus" file="bosses/necropharus.xml"/>
	<monster name="Omruc" file="bosses/omruc.xml"/>
	<monster name="Orshabaal" file="bosses/orshabaal.xml"/>
	<monster name="Plaguethrower" file="bosses/plaguethrower.xml"/>
	<monster name="Poisonthrower" file="bosses/poisonthrower.xml"/>
	<monster name="Rahemos" file="bosses/rahemos.xml"/>
	<monster name="Shredderthrower" file="bosses/shredderthrower.xml"/>
	<monster name="Tiquanda's Revenge" file="bosses/tiquanda's revenge.xml"/>
	<monster name="Thalas" file="bosses/thalas.xml"/>
	<monster name="The Evil Eye" file="bosses/the evil eye.xml"/>
	<monster name="The Horned Fox" file="bosses/the horned fox.xml"/>
	<monster name="The Old Widow" file="bosses/the old widow.xml"/>
	<monster name="Vashresamun" file="bosses/vashresamun.xml"/>

</monsters>
