<?xml version="1.0" encoding="UTF-8"?>
<monster name="poison spider" nameDescription="a poison spider" race="venom" experience="22" speed="160" manacost="270">
	<health now="26" max="26"/>
	<look type="36" corpse="2848"/>
	<targetchange interval="1000" chance="0"/>
	<flags>
		<flag attackable="1"/>
		<flag hostile="1"/>
		<flag summonable="1"/>
		<flag convinceable="1"/>
		<flag illusionable="1"/>
		<flag pushable="1"/>
		<flag canpushitems="0"/>
		<flag canpushcreatures="0"/>
		<flag targetdistance="1"/>
		<flag staticattack="90"/>
		<flag runonhealth="6"/>
	</flags>
	<attacks>
		<attack name="melee" interval="2000" skill="25" attack="12" poison="30"/>
	</attacks>
	<defenses armor="2" defense="6">
	</defenses>
	<elements>
		<element earthPercent="100"/>
	</elements>
	<immunities>
	</immunities>
	<voices interval="2000" chance="5">
	</voices>
	<loot>
		<item id="2148" chance="50000" countmax="4"/><!-- 4 50% gold coin -->
	</loot>
</monster>