<?xml version="1.0" encoding="ISO-8859-1"?>
<monster name="Troll" nameDescription="a troll" race="blood" experience="20" speed="170" manacost="290">
	<health now="5000" max="5000" />
	<look type="15" corpse="5960" />
	<targetchange interval="4000" chance="0" />
	<flags>
		<flag summonable="1" />
		<flag attackable="1" />
		<flag hostile="1" />
		<flag illusionable="1" />
		<flag convinceable="1" />
		<flag pushable="1" />
		<flag canpushitems="0" />
		<flag canpushcreatures="0" />
		<flag targetdistance="1" />
		<flag staticattack="90" />
		<flag runonhealth="15" />
	</flags>
	<attacks>
		<attack name="melee" interval="2000" min="0" max="-15" />
	</attacks>
	<defenses armor="10" defense="10" />
	<elements>
			<element firePercent="-120" />
		<element energyPercent="25" />
		<element holyPercent="10" />
		<element earthPercent="-10" />
		<element deathPercent="-10" />
	</elements>
	<voices interval="5000" chance="10">
		<voice sentence="Grrrr" />
		<voice sentence="Groar" />
		<voice sentence="Gruntz!" />
		<voice sentence="Hmmm, bugs" />
		<voice sentence="Hmmm, dogs" />
	</voices>
	<loot>
		<item id="2120" chance="7950" /><!-- rope -->
		<item name="gold coin" countmax="12" chance="65300" />
		<item name="silver amulet" chance="80" />
		<item name="hand axe" chance="18000" />
		<item name="spear" chance="13000" />
		<item name="studded club" chance="5000" />
		<item name="leather helmet" chance="12000" />
		<item id="2512" chance="4730" /><!-- wooden shield -->
		<item name="leather boots" chance="10000" />
		<item name="meat" chance="15000" />
	</loot>
</monster>
