<?xml version="1.0" encoding="UTF-8"?>
<monster name="war wolf" nameDescription="a war wolf" race="blood" experience="55" speed="264" manacost="420">
	<health now="140" max="140"/>
	<look type="3" corpse="2969"/>
	<targetchange interval="1000" chance="0"/>
	<flags>
		<flag attackable="1"/>
		<flag hostile="1"/>
		<flag summonable="0"/>
		<flag convinceable="1"/>
		<flag illusionable="1"/>
		<flag pushable="0"/>
		<flag canpushitems="1"/>
		<flag canpushcreatures="0"/>
		<flag targetdistance="1"/>
		<flag staticattack="90"/>
		<flag runonhealth="0"/>
	</flags>
	<attacks>
		<attack name="melee" interval="2000" skill="39" attack="24"/>
	</attacks>
	<defenses armor="8" defense="16">
	</defenses>
	<elements>
	</elements>
	<immunities>
	</immunities>
	<voices interval="2000" chance="5">
		<voice sentence="Grrrrrrr"/>
		<voice sentence="Yoooohhuuuu!" yell="1"/>
	</voices>
	<loot>
		<item id="2666" chance="70000" countmax="4"/><!-- 4 70% meat -->
		<item id="2671" chance="80000" countmax="2"/><!-- 2 80% ham -->
	</loot>
</monster>