<?xml version="1.0" encoding="UTF-8"?>
<actions>

	<!-- Quests -->
	<action itemid="1740" script="quests/quests.lua" />
	<action fromid="1747" toid="1749" script="quests/quests.lua" />
	<action uniqueid="30015" script="quests/annihilator.lua" />

	<!-- Tools -->
	<action itemid="2420" script="tools/machete.lua" />
	<action itemid="2550" script="tools/scythe.lua" />
	<action itemid="2580" script="tools/fishing.lua" allowfaruse="1" />
	<action itemid="2554" script="tools/shovel.lua" />
	<action itemid="2120" script="tools/rope.lua" />
	<action itemid="2553" script="tools/pick.lua" />

	<!-- Food -->
	<action itemid="2362" script="other/food.lua" />
	<action fromid="2666" toid="2691" script="other/food.lua" />
	<action fromid="2695" toid="2696" script="other/food.lua" />
	<action fromid="2787" toid="2796" script="other/food.lua" />

	<!-- Other -->
	<action itemid="2114" script="other/piggybank.lua" />
	<action itemid="2036" script="other/watch.lua" />
	<action fromid="1728" toid="1731" script="other/watch.lua" />
	<action itemid="3900" script="other/watch.lua" />
	<action itemid="2785" script="other/blueberrybush.lua" />
	<action fromid="3901" toid="3938" script="other/constructionkits.lua" />
	<action fromid="5086" toid="5088" script="other/constructionkits.lua" />
	<action fromid="2070" toid="2085" script="other/music.lua" />
	<action itemid="2332" script="other/music.lua" />
	<action itemid="2364" script="other/music.lua" />
	<action fromid="2367" toid="2373" script="other/music.lua" />
	<action fromid="3951" toid="3953" script="other/music.lua" />
	<action itemid="3957" script="other/music.lua" />
	<action itemid="430" script="other/teleport.lua" />
	<action itemid="1369" script="other/teleport.lua" />
	<action itemid="1386" script="other/teleport.lua" />
	<action itemid="3678" script="other/teleport.lua" />
	<action fromid="2376" toid="2404" script="other/destroy.lua" />
	<action fromid="2406" toid="2419" script="other/destroy.lua" />
	<action fromid="2421" toid="2453" script="other/destroy.lua" />
	<action fromid="2005" toid="2009" script="other/fluids.lua" />
	<action fromid="2011" toid="2015" script="other/fluids.lua" />
	<action itemid="2023" script="other/fluids.lua" />
	<action itemid="1775" script="other/fluids.lua" />
	<action fromid="2031" toid="2034" script="other/fluids.lua" />
	<action fromid="2574" toid="2577" script="other/fluids.lua" />
	<action fromid="5792" toid="5797" script="other/die.lua" />
	<action itemid="2692" script="other/createbread.lua" />
	<action itemid="2694" script="other/createbread.lua" />
	<action fromid="5303" toid="5304" script="other/windows.lua" />
	<action fromid="1816" toid="1817" script="other/wallmirror.lua" />
	<action fromid="1843" toid="1844" script="other/wallmirror.lua" />
	<action fromid="1846" toid="1847" script="other/wallmirror.lua" />
	<action fromid="1849" toid="1850" script="other/wallmirror.lua" />
	<action itemid="486" script="other/snowheap.lua" />
</actions>
