<?xml version="1.0" encoding="UTF-8"?>
<talkactions>
	<!-- commands -->
	<talkaction words="/roll" separator=" " script="roll.lua" />
	<talkaction words="/attr" separator=" " script="attributes.lua" />
	<talkaction words="/ban" separator=" " script="ban.lua" />
	<talkaction words="/ipban" separator=" " script="ipban.lua" />
	<talkaction words="/unban" separator=" " script="unban.lua" />
	<talkaction words="/up" script="up.lua" />
	<talkaction words="/down" script="down.lua" />
	<talkaction words="/c" separator=" " script="teleport_creature_here.lua" />
	<talkaction words="/goto" separator=" " script="teleport_to_creature.lua" />
	<talkaction words="/owner" separator=" " script="owner.lua" />
	<talkaction words="/t" script="teleport_home.lua" />
	<talkaction words="/town" separator=" " script="teleport_to_town.lua" />
	<talkaction words="/a" separator=" " script="teleport_ntiles.lua" />
	<talkaction words="/info" separator=" " script="info.lua" />
	<talkaction words="/r" separator=" " script="removething.lua" />
	<talkaction words="/kick" separator=" " script="kick.lua" />
	<talkaction words="/openserver" script="openserver.lua" />
	<talkaction words="/closeserver" separator=" " script="closeserver.lua" />
	<talkaction words="/B" separator=" " script="broadcast.lua" />
	<talkaction words="/m" separator=" " script="place_monster.lua" />
	<talkaction words="/i" separator=" " script="create_item.lua" />
	<talkaction words="/s" separator=" " script="place_npc.lua" />
	<talkaction words="/addtutor" separator=" " script="add_tutor.lua" />
	<talkaction words="/removetutor" separator=" " script="remove_tutor.lua" />
	<talkaction words="/looktype" separator=" " script="looktype.lua" />
	<talkaction words="/summon" separator=" " script="place_summon.lua" />
	<talkaction words="/chameleon" separator=" " script="chameleon.lua" />
	<talkaction words="/addskill" separator=" " script="add_skill.lua" />
	<talkaction words="/mccheck" script="mccheck.lua" />
	<talkaction words="/ghost" script="ghost.lua" />
	<talkaction words="/clean" script="clean.lua" />
	<talkaction words="/hide" script="hide.lua" />
	<talkaction words="/reload" separator=" " script="reload.lua" />
	<talkaction words="/raid" separator=" " script="force_raid.lua" />

	<!-- player talkactions -->
	<talkaction words="!buypremium" script="buyprem.lua" />
	<talkaction words="!buyhouse" script="buyhouse.lua" />
	<talkaction words="!sellhouse" separator=" " script="sellhouse.lua" />
	<talkaction words="!leavehouse" script="leavehouse.lua" />
	<talkaction words="!changesex" script="changesex.lua" />
	<talkaction words="!uptime" script="uptime.lua" />
	<talkaction words="!deathlist" separator=" " script="deathlist.lua" />
	<talkaction words="!kills" script="kills.lua" />
	<talkaction words="!online;/online" script="online.lua" />
	<talkaction words="!serverinfo" script="serverinfo.lua" />

	<!-- test talkactions -->
	<talkaction words="!z" separator=" " script="magiceffect.lua" />
	<talkaction words="!x" separator=" " script="animationeffect.lua" />
</talkactions>
