<?xml version="1.0" encoding="UTF-8"?>
<monster name="Demodras" nameDescription="Demodras" race="blood" experience="3100" speed="230" manacost="0">
  <health now="2200" max="2200"/>
  <look type="204" head="20" body="30" legs="40" feet="50" corpse="2881"/>
  <targetchange interval="5000" chance="8"/>
  <strategy attack="100" defense="0"/>
  <flags>
    <flag summonable="0"/>
    <flag attackable="1"/>
    <flag hostile="1"/>
    <flag illusionable="1"/>
    <flag convinceable="0"/>
    <flag pushable="0"/>
    <flag canpushitems="1"/>
    <flag canpushcreatures="1"/>
    <flag targetdistance="1"/>
    <flag staticattack="90"/>
    <flag runonhealth="300"/>
  </flags>
  <attacks>
    <attack name="melee" interval="2000" min="-160" max="-600"/>
    <attack name="fire" interval="3000" chance="20" range="7" radius="4" target="1" min="-250" max="-350">
      <attribute key="shootEffect" value="fire"/>
      <attribute key="areaEffect" value="firearea"/>
    </attack>
    <attack name="firefield" interval="1000" chance="10" range="7" radius="6" target="1">
      <attribute key="shootEffect" value="fire"/>
    </attack>
    <attack name="fire" interval="4000" chance="20" length="8" spread="3" min="-250" max="-550">
      <attribute key="areaEffect" value="firearea"/>
    </attack>
  </attacks>
  <defenses armor="35" defense="25">
    <defense name="healing" interval="1000" chance="25" min="400" max="700">
      <attribute key="areaEffect" value="blueshimmer"/>
    </defense>
  </defenses>
  	<elements>
		<element firePercent="100"/>
		<element earthPercent="100"/>
	</elements>
  <immunities>
    <immunity lifedrain="1"/>
    <immunity paralyze="1"/>
    <immunity outfit="1"/>
    <immunity drunk="1"/>
    <immunity invisible="1"/>
  </immunities>
  <summons maxSummons="2">
    <summon name="dragon" interval="1000" chance="17" max="2"/>
  </summons>
  <voices interval="5000" chance="10">
    <voice sentence="ZCHHHHH" yell="1"/>
    <voice sentence="I WILL SET THE WORLD IN FIRE!" yell="1"/>
    <voice sentence="I WILL PROTECT MY BROOD!" yell="1"/>
  </voices>
<loot>
	<item id="2148" countmax="98" chance1="100000" chancemax="6000"/><!-- gold -->
	<item id="2148" countmax="99" chance1="100000" chancemax="6000"/><!-- gold -->
	<item id="2796" countmax="7" chance1="26001" chancemax="7000"/><!-- 26% green mushroom -->
	<item id="2146" countmax="1" chance1="13001" chancemax="13000"/><!-- 13% small sapphire -->
	<item id="2547" countmax="10" chance1="17000" chancemax="2000"/><!-- 17% power bolt -->
	<item id="2672" countmax="4" chance1="80000" chancemax="3000"/><!-- dragon ham -->
	<item id="2033" chance="6000"/><!-- 6% 2033 golden mug -->
	<item id="2177" chance="2000"/><!-- 2% life crystal -->
	<item id="1976" chance="11000"/><!-- 11% gemmed book -->
	<item id="2479" chance="8000"/><!-- 8% strange helmet -->
	<item id="2492" chance="2000"/><!-- 2% dragon scale mail -->
	<item id="2498" chance="600"/><!-- royal helmet -->
		<item id="1987" chance="100000"><!-- bag -->
			<inside>
			<item id="2167" chance="11000"/><!-- 11% energy ring -->
			<item id="2409" chance="20000"/><!-- 2409 serpent sword -->
			<item id="2434" chance="20000"/><!-- 2434 dragon hammer -->
			<item id="2413" chance="20000"/><!-- 2413 broad sword -->
			<item id="2187" chance="20000"/><!-- 2187 wand of inferno -->
			<item id="2387" chance="20000"/><!-- 2387 double axe -->
			<item id="2191" chance="20000"/><!-- 2191 wand of dragonbreath -->
			<item id="2392" chance="2000"/><!-- 2% fire sword -->
			<item id="2528" chance="600"/><!-- tower shield -->
			</inside>
		</item>
  </loot>
</monster>
