<?xml version="1.0" encoding="UTF-8"?>
<monster name="general murius" nameDescription="the general Murius" race="blood" experience="1300" speed="240" manacost="0">
  <health now="1200" max="1200"/>
  <look type="202" head="20" body="30" legs="40" feet="50" corpse="5983"/>
  <targetchange interval="5000" chance="8"/>
  <strategy attack="100" defense="0"/>
  <flags>
    <flag summonable="0"/>
    <flag attackable="1"/>
    <flag hostile="1"/>
    <flag illusionable="0"/>
    <flag convinceable="0"/>
    <flag pushable="0"/>
    <flag canpushitems="1"/>
    <flag canpushcreatures="1"/>
    <flag targetdistance="1"/>
    <flag staticattack="90"/>
    <flag runonhealth="0"/>
  </flags>
  <attacks>
    <attack name="melee" interval="2000" skill="70" attack="55"/>
    <attack name="physical" interval="1000" chance="12" range="7" min="-50" max="-120">
      <attribute key="shootEffect" value="bolt"/>
    </attack>
    <attack name="physical" interval="1000" chance="10" radius="3" target="0" min="-50" max="-80">
      <attribute key="areaEffect" value="blackspark"/>
    </attack>
  </attacks>
  <defenses armor="16" defense="22">
    <defense name="healing" interval="1000" chance="15" min="50" max="100">
      <attribute key="areaEffect" value="redshimmer"/>
    </defense>
  </defenses>
  <immunities>
    <immunity lifedrain="1"/>
    <immunity outfit="1"/>
    <immunity drunk="1"/>
    <immunity invisible="1"/>
  </immunities>
  <summons maxSummons="4">
    <summon name="minotaur archer" interval="1000" chance="15" max="2"/>
    <summon name="minotaur guard" interval="1000" chance="12" max="2"/>
  </summons>
  <voices interval="5000" chance="10">
    <voice sentence="Feel the power of the Mooh'Tah!"/>
    <voice sentence="You will get what you deserve!"/>
    <voice sentence="For the king!"/>
    <voice sentence="Guards!"/>
  </voices>
<loot>
	<item id="2148" countmax="89" chance1="90000" chancemax="0"/><!-- 1-89 90% 2148 gold -->
	<item id="2148" countmax="86" chance1="90000" chancemax="0"/><!-- 1-86 90% 2148 gold -->
	<item id="2148" countmax="90" chance1="90000" chancemax="0"/><!-- 1-90 90% 2148 gold -->
	<item id="2666" countmax="3" chance1="19000" chancemax="0"/><!-- 19% 2666 meat -->
	<item id="2547" countmax="7" chance1="30000" chancemax="0"/><!-- 1-7 30% 2547 power bolt -->
	<item id="2465" chance="60000"/><!-- 60% 2465 brass armor -->
	<item id="2648" chance="40000"/><!-- 40% 2648 chain legs -->
	<item id="2502" chance="4000"/><!-- 4% 2502 dwarven helmet -->
	<item id="1987" chance="100000"><!-- bag -->
			<inside>
			<item id="2387" chance="4000"/><!-- 4% 2387 double axe -->
			<item id="2513" chance="15000"/><!-- 15% 2513 battle shield -->
			</inside>
		</item>
</loot>
</monster>
