<?xml version="1.0" encoding="UTF-8"?>
<monster name="morguthis" nameDescription="a morguthis" race="UNDEAD" experience="3000" speed="320" manacost="0">
  <health now="4800" max="4800"/>
  <look type="90" head="20" body="30" legs="40" feet="50" corpse="3016"/>
  <targetchange interval="5000" chance="8"/>
  <strategy attack="100" defense="0"/>
  <flags>
    <flag summonable="0"/>
    <flag attackable="1"/>
    <flag hostile="1"/>
    <flag illusionable="0"/>
    <flag convinceable="0"/>
    <flag pushable="0"/>
    <flag canpushitems="1"/>
    <flag canpushcreatures="1"/>
    <flag targetdistance="1"/>
    <flag staticattack="90"/>
    <flag runonhealth="0"/>
  </flags>
  <attacks>
    <attack name="melee" interval="2000" min="-150" max="-900" poison="65"/>

    <attack name="lifedrain" interval="3000" chance="7" range="1" min="-55" max="-550"/>

    <attack name="speed" interval="1000" chance="25" range="7" speedchange="-650" duration="50000">
      <attribute key="areaEffect" value="redshimmer"/>
    </attack>

    <attack name="physical" interval="1000" chance="20" radius="3" target="0" min="-40" max="-400">
      <attribute key="areaEffect" value="blackspark"/>
    </attack>

    <attack name="physical" interval="3000" chance="7" radius="3" target="0" min="-50" max="-500">
      <attribute key="areaEffect" value="mortarea"/>
    </attack>

  </attacks>
  <defenses armor="35" defense="25">
    <defense name="healing" interval="1000" chance="13" min="200" max="300">
      <attribute key="areaEffect" value="blueshimmer"/>
    </defense>
    <defense name="speed" interval="1000" chance="7" speedchange="1201" duration="5000">
      <attribute key="areaEffect" value="redshimmer"/>
    </defense>
    <defense name="invisible" interval="2000" chance="10" duration="4000">
      <attribute key="areaEffect" value="blueshimmer"/>
    </defense>
  </defenses>
  	<elements>
		<element earthPercent="100"/>
	</elements>
  <immunities>
    <immunity lifedrain="1"/>
    <immunity paralyze="1"/>
    <immunity outfit="1"/>
    <immunity drunk="1"/>
    <immunity invisible="1"/>
  </immunities>
  <summons maxSummons="3">
    <summon name="hero" interval="2000" chance="1000" max="3"/>
  </summons>
  <voices interval="5000" chance="10">
    <voice sentence="Vengeance!"/>
    <voice sentence="You will make a fine trophy."/>
    <voice sentence="Come and fight me, cowards!"/>
    <voice sentence="I am the supreme warrior!"/>
    <voice sentence="Let me hear the music of battle."/>
    <voice sentence="Anotherone to bite the dust!"/>
  </voices>
<loot>
	<item id="2350" chance="100000"/><!-- 100% 2350 sword hilt -->
	<item id="2148" countmax="41" chance1="80000" chancemax="0"/><!-- 1-41 90% 2148 gold -->
	<item id="2148" countmax="90" chance1="85000" chancemax="0"/><!-- 1-90 90% 2148 gold -->
	<item id="2148" countmax="90" chance1="90000" chancemax="0"/><!-- 1-90 90% 2148 gold -->
	<item id="2144" chance="11000"/><!-- 11% 2144 black pear -->
	<item id="2197" chance="5000"/><!-- 5% 2197 stone skin amulet -->
	<item id="2645" chance="200"/><!-- 0,2% 2645 steel boots -->
		<item id="1987" chance="100000"><!-- bag -->
			<inside>
			<item id="2430" chance="7000"/><!-- 7% 2430 knight axe -->
			</inside>
		</item>	
</loot>
</monster>
