<?xml version="1.0" encoding="UTF-8"?>
<monster name="omruc" nameDescription="a omruc" race="UNDEAD" experience="2950" speed="370" manacost="0">
  <health now="4300" max="4300"/>
  <look type="90" head="20" body="30" legs="40" feet="50" corpse="3016"/>
  <targetchange interval="5000" chance="8"/>
  <strategy attack="100" defense="0"/>
  <flags>
    <flag summonable="0"/>
    <flag attackable="1"/>
    <flag hostile="1"/>
    <flag illusionable="0"/>
    <flag convinceable="0"/>
    <flag pushable="0"/>
    <flag canpushitems="1"/>
    <flag canpushcreatures="1"/>
    <flag targetdistance="4"/>
    <flag staticattack="90"/>
    <flag runonhealth="0"/>
  </flags>
  <attacks>
    <attack name="melee" interval="2000" min="-50" max="-300" poison="65"/>

    <attack name="lifedrain" interval="5000" chance="20" range="1" min="-100" max="-250"/>

    <attack name="poison" interval="2000" chance="20" min="-200" max="-500">
      <attribute key="shootEffect" value="poisonarrow"/>
    </attack>

    <attack name="fire" interval="1000" chance="20" range="3" min="-120" max="-450">
      <attribute key="shootEffect" value="burstarrow"/>
      <attribute key="areaEffect" value="explosionarea"/>
    </attack>

    <attack name="melee" interval="3000" chance="20" min="-150" max="-500">
      <attribute key="shootEffect" value="arrow"/>
    </attack>

    <attack name="speed" interval="1000" chance="25" range="7" speedchange="-900" duration="50000">
      <attribute key="areaEffect" value="redshimmer"/>
    </attack>

  </attacks>
  <defenses armor="20" defense="35">
    <defense name="healing" interval="1000" chance="17" min="100" max="200">
      <attribute key="areaEffect" value="blueshimmer"/>
    </defense>
    <defense name="invisible" interval="2000" chance="14" duration="8000">
      <attribute key="areaEffect" value="blueshimmer"/>
    </defense>
  </defenses>
    	<elements>
		<element firePercent="100"/>
		<element earthPercent="100"/>
	</elements>
  <immunities>
    <immunity lifedrain="1"/>
    <immunity paralyze="1"/>
    <immunity outfit="1"/>
    <immunity drunk="1"/>
    <immunity invisible="1"/>
  </immunities>
  <summons maxSummons="4">
    <summon name="stalkers" interval="2000" chance="1000"/>
  </summons>
  <voices interval="5000" chance="10">
    <voice sentence="Now chhhou shhhee me ... Now chhhou don't!!"/>
    <voice sentence="Omruc is back!"/>
  </voices>
<loot>
	<item id="2352" chance="100000"/><!-- 100% 2352 crystal arrow -->
	<item id="2148" countmax="28" chance1="80000" chancemax="0"/><!-- 1-28 90% 2148 gold -->
	<item id="2148" countmax="82" chance1="85000" chancemax="0"/><!-- 1-90 90% 2148 gold -->
	<item id="2148" countmax="98" chance1="90000" chancemax="0"/><!-- 1-90 90% 2148 gold -->
	<item id="2674" countmax="2" chance1="75000" chancemax="0"/><!-- 1-2 75% 2674 apple -->
	<item id="2145" countmax="3" chance1="12000" chancemax="0"/><!-- 1-3 12% 2145 small diamond -->
	<item id="2545" countmax="19" chance1="50000" chancemax="0"/><!-- 1-19 50% 2545 poison arrow -->
	<item id="2546" countmax="15" chance1="45000" chancemax="0"/><!-- 1-15 45% 2546 burst arrow -->
	<item id="2547" countmax="4" chance1="17000" chancemax="0"/><!-- 1-4 17% 2547 power bolt -->
		<item id="1987" chance="100000"><!-- bag -->
			<inside>
			<item id="2165" chance="5000"/><!-- 5% 2165 stealth ring -->
			</inside>
		</item>
</loot>
</monster>
