<?xml version="1.0"?>
<spells>
	<!-- Rune Spells -->
	<rune name="adevo grav pox" id="2285" allowfaruse="1" maglv="0" blocktype="solid" charges="3" script="runes/poison_field_rune.lua"/>
	<rune name="adura gran" id="2265"  allowfaruse="1" maglv="1" needtarget="1" aggressive="0" charges="1" script="runes/intense_healing_rune.lua" />
	<rune name="adana pox" id="2266" allowfaruse="1" needtarget="1" aggressive="0" charges="1" script="runes/antidote_rune.lua" />
	<rune name="adori" id="2287" allowfaruse="1" needtarget="1" charges="5" script="runes/light_magic_missile_rune.lua" />
	<rune name="adevo grav flam" id="2301" allowfaruse="1" maglv="1" blocktype="solid" charges="3" script="runes/fire_field_rune.lua" />
	<rune name="adeta sio" id="2290" allowfaruse="1" maglv="5" needtarget="1" charges="1" script="runes/convince_creature_rune.lua" /> 
	<rune name="adito grav" id="2261" allowfaruse="1" maglv="3" range="4" blocktype="solid" aggressive="0" charges="3" script="runes/destroy_field_rune.lua" />
	<rune name="adevo grav vis" id="2277" allowfaruse="1" maglv="3" blocktype="solid" charges="3" script="runes/energy_field_rune.lua" />
	<rune name="adito tera" id="2310" allowfaruse="1" maglv="4" charges="3" range="1" script="runes/desintegrate_rune.lua" />
	<rune name="adura vita" id="2273" allowfaruse="1" maglv="4" needtarget="1" aggressive="0" charges="1" script="runes/ultimate_healing_rune.lua" />
	<rune name="adori gran" id="2311" allowfaruse="1" maglv="3" needtarget="1" charges="5" script="runes/heavy_magic_missile_rune.lua"/>
	<rune name="adevo mas pox" id="2286" allowfaruse="1" maglv="4" blocktype="solid" charges="2" script="runes/poison_bomb_rune.lua" />
	<rune name="adevo mas flam" id="2305" allowfaruse="1" maglv="5" blocktype="solid" charges="2" script="runes/fire_bomb_rune.lua" />
	<rune name="adevo res flam" id="2308" allowfaruse="1" maglv="7" needtarget="1" charges="2" script="runes/soulfire_rune.lua" />
	<rune name="adevo ina" id="2291" allowfaruse="1" maglv="4" selftarget="1" blocktype="solid" charges="1" script="runes/chameleon_rune.lua" /> <!-- broken somehow -->
	<rune name="adori flam" id="2302" allowfaruse="1" maglv="4" charges="3" script="runes/fireball_rune.lua" />
	<rune name="adana mort" id="2316" allowfaruse="1" maglv="4" blocktype="solid" charges="2" script="runes/animate_dead_rune.lua" />
	<rune name="adevo mas grav pox" id="2289" allowfaruse="1" maglv="5" blocktype="solid" charges="4" script="runes/poison_wall_rune.lua" />
	<rune name="adori gran flam" id="2304" allowfaruse="1" maglv="4" charges="2" script="runes/great_fireball_rune.lua" />
	<rune name="adevo mas hur" id="2313" allowfaruse="1" maglv="6" charges="3" script="runes/explosion_rune.lua" />
	<rune name="adevo grav tera" id="2293" allowfaruse="1" maglv="9" blocktype="all" charges="3" script="runes/magic_wall_rune.lua" />
	<rune name="adevo mas grav flam" id="2303" allowfaruse="1" maglv="6" blocktype="solid" charges="4" script="runes/fire_wall_rune.lua" />
	<rune name="adevo mas vis" id="2262" allowfaruse="1" maglv="10" blocktype="solid" charges="2" script="runes/energy_bomb_rune.lua" />
	<rune name="adevo mas grav vis" id="2279" allowfaruse="1" maglv="9" blocktype="solid" charges="4" script="runes/energy_wall_rune.lua" />
	<rune name="adori vita vis" id="2268" allowfaruse="1" maglv="15" needtarget="1" charges="1" script="runes/sudden_death_rune.lua" />
	<rune name="adevo res pox" id="2292" allowfaruse="1" maglv="4" needtarget="1" charges="3" script="runes/envenom_rune.lua" />
	<rune name="adana ani" id="2278" allowfaruse="1" maglv="18" needtarget="1" mana="1400" charges="1" script="runes/paralyze_rune.lua">
		<vocation name="Druid"/>
		<vocation name="Elder Druid"/>
	</rune>

	<!-- Instant Spells -->
	<instant name="Light" words="utevo lux" needlearn="0" lvl="8" mana="20" selftarget="1" aggressive="0" script="support/light.lua"/>
	<instant name="Find Person" words="exiva" needlearn="0" lvl="8" mana="20" params="1" script="support/find_person.lua"/>
	<instant name="Magic Rope" words="exani tera" needlearn="0" lvl="9" mana="20" aggressive="0" script="support/magic_rope.lua"/>
	<instant name="Light Healing" words="exura" needlearn="0" lvl="9" mana="25" selftarget="1" aggressive="0" script="healing/light_healing.lua"/>
	<instant name="Antidote" words="exana pox" needlearn="0" lvl="10" mana="30" selftarget="1" aggressive="0" script="healing/cure_poison.lua"/>
	<instant name="Intense Healing" words="exura gran" needlearn="0" lvl="11" mana="40" selftarget="1" aggressive="0" script="healing/intense_healing.lua">
		<vocation name="Sorcerer"/> 
		<vocation name="Master Sorcerer"/>
		<vocation name="Druid"/>	
		<vocation name="Elder Druid"/>
		<vocation name="Paladin"/>	
		<vocation name="Royal Paladin"/>
	</instant>
	<instant name="Levitate" words="exani hur" needlearn="0" lvl="12" prem="1" mana="50" params="1" script="support/levitate.lua"/>
	<instant name="Energy Strike" words="exori vis" lvl="11" mana="20" direction="1" exhaustion="1000" script="attack/energy_strike.lua"> <!-- broken -->
		<vocation name="Sorcerer"/> 
		<vocation name="Master Sorcerer"/>
		<vocation name="Druid"/>	
		<vocation name="Elder Druid"/>
	</instant>
	<instant name="Summon Creature" words="utevo res" needlearn="0" lvl="25" params="1" script="support/summon_creature.lua">
		<vocation name="Sorcerer"/> 
		<vocation name="Master Sorcerer"/>
		<vocation name="Druid"/>	
		<vocation name="Elder Druid"/>
	</instant>
	<instant name="Great Light" words="utevo gran lux" needlearn="0" lvl="13" mana="60" selftarget="1" aggressive="0" script="support/great_light.lua"/>
	<instant name="Magic Shield" words="utamo vita" lvl="14" mana="50" selftarget="1" aggressive="0" script="support/magic_shield.lua">
		<vocation name="Sorcerer"/> 
		<vocation name="Master Sorcerer"/>
		<vocation name="Druid"/>	
		<vocation name="Elder Druid"/>
		<vocation name="Paladin"/>	
		<vocation name="Royal Paladin"/>
	</instant>
	<instant name="Haste" words="utani hur" needlearn="0" lvl="14" prem="1" mana="60" selftarget="1" aggressive="0" script="support/haste.lua" />
	<instant name="Flame Strike" words="exori flam" lvl="12" prem="1" mana="20" direction="1" exhaustion="1000" script="attack/flame_strike.lua">
		<vocation name="Sorcerer"/> 
		<vocation name="Master Sorcerer"/>
		<vocation name="Druid"/>	
		<vocation name="Elder Druid"/>
	</instant>
	<instant name="Force Strike" words="exori mort" needlearn="0" lvl="11" prem="1" mana="20" direction="1" exhaustion="1000" script="attack/force_strike.lua">
		<vocation name="Sorcerer"/> 
		<vocation name="Master Sorcerer"/>
		<vocation name="Druid"/>	
		<vocation name="Elder Druid"/>
	</instant>
	<instant name="Fire Wave" words="exevo flam hur" needlearn="0" lvl="18" mana="80" direction="1" script="attack/fire_wave.lua">
		<vocation name="Sorcerer"/> 
		<vocation name="Master Sorcerer"/>
	</instant>
	<instant name="Heal Friend" words="exura sio" needlearn="0" lvl="18" mana="70" prem="1" needtarget="1" params="1" aggressive="0" blockwalls="0" script="healing/heal_friend.lua">
		<vocation name="Druid"/>	
		<vocation name="Elder Druid"/>
	</instant>
	<instant name="Ultimate Healing" words="exura vita" needlearn="0" lvl="20" mana="160" selftarget="1" aggressive="0" script="healing/ultimate_healing.lua">
		<vocation name="Sorcerer"/> 
		<vocation name="Master Sorcerer"/>
		<vocation name="Druid"/>	
		<vocation name="Elder Druid"/>
		<vocation name="Paladin"/>	
		<vocation name="Royal Paladin"/>
	</instant>
	<instant name="Strong Haste" words="utani gran hur" needlearn="0" lvl="20" prem="1" mana="100" selftarget="1" aggressive="0" script="support/strong_haste.lua">
		<vocation name="Sorcerer"/> 
		<vocation name="Master Sorcerer"/>
		<vocation name="Druid"/>	
		<vocation name="Elder Druid"/>
	</instant>
	<instant name="Challenge" words="exeta res" needlearn="0" lvl="20" prem="1" mana="30" selftarget="1" script="support/challenge.lua">
		<vocation name="Elite Knight"/>
	</instant>
	<instant name="Energy Beam" words="exevo vis lux" needlearn="0" lvl="23" mana="100" direction="1" script="attack/energy_beam.lua">
		<vocation name="Sorcerer"/> 
		<vocation name="Master Sorcerer"/>
	</instant>
	<instant name="Creature Illusion" words="utevo res ina" needlearn="0" lvl="23" mana="100" params="1" script="support/creature_illusion.lua">
		<vocation name="Sorcerer"/> 
		<vocation name="Master Sorcerer"/>
		<vocation name="Druid"/>	
		<vocation name="Elder Druid"/>
	</instant>
	<instant name="Cancel Invisibility" words="exana ina" needlearn="0" lvl="26" prem="1" mana="200" selftarget="1" script="support/cancel_invisibility.lua">
		<vocation name="Sorcerer"/> 
		<vocation name="Master Sorcerer"/>
	</instant>
	<instant name="Ultimate Light" words="utevo vis lux" needlearn="0" lvl="26" mana="140" aggressive="0" selftarget="1" script="support/ultimate_light.lua">
		<vocation name="Sorcerer"/> 
		<vocation name="Master Sorcerer"/>
		<vocation name="Druid"/>	
		<vocation name="Elder Druid"/>
	</instant>
	<instant name="Great Energy Beam" words="exevo gran vis lux" needlearn="0" lvl="29" mana="200" direction="1" script="attack/great_energy_beam.lua">
		<vocation name="Sorcerer"/> 
		<vocation name="Master Sorcerer"/>
	</instant>
	<instant name="Berserk" words="exori" needlearn="0" lvl="35" selftarget="1" script="attack/berserk.lua">
		<vocation name="Knight"/>	 
		<vocation name="Elite Knight"/>
	</instant>
	<instant name="Invisibility" words="utana vid" needlearn="0" lvl="35" mana="440" prem="1" selftarget="1" aggressive="0" script="support/invisible.lua">
		<vocation name="Sorcerer"/> 
		<vocation name="Master Sorcerer"/>
		<vocation name="Druid"/>	
		<vocation name="Elder Druid"/>
		<vocation name="Paladin"/>	
		<vocation name="Royal Paladin"/>
	</instant>
	<instant name="Mass Healing" words="exura gran mas res" needlearn="0" lvl="36" prem="1" mana="150" selftarget="1" aggressive="0" script="healing/mass_healing.lua">
		<vocation name="Druid"/>	
		<vocation name="Elder Druid"/>
	</instant>
	<instant name="Undead Legion" words="exana mas mort" needlearn="0" lvl="30" prem="1" mana="500" selftarget="1" script="support/undead_legion.lua"> <!-- broken -->
		<vocation name="Druid"/>	
		<vocation name="Elder Druid"/>
	</instant>
	<instant name="Ultimate Explosion" words="exevo gran mas vis" needlearn="0" lvl="60" prem="1" mana="1200" script="attack/ultimate_explosion.lua">
		<vocation name="Sorcerer"/> 
		<vocation name="Master Sorcerer"/>
	</instant>
	<instant name="Poison Storm" words="exevo gran mas pox" needlearn="0" lvl="50" prem="1" mana="600" script="attack/poison_storm.lua">
		<vocation name="Druid"/>	
		<vocation name="Elder Druid"/>
	</instant>
	<instant name="Energy Wave" words="exevo mort hur" needlearn="0" lvl="38" mana="250" prem="1" direction="1" script="attack/force_wave.lua">
		<vocation name="Sorcerer"/> 
		<vocation name="Master Sorcerer"/>
	</instant>
	<instant name="Wild Growth" words="exevo grav vita" needlearn="0" lvl="27" mana="220" prem="1" script="support/wild_growth.lua">
		<vocation name="Elder Druid"/>
	</instant>
	<instant name="Food" words="exevo pan" needlearn="0" lvl="14" mana="120" soul="1" selftarget="1" aggressive="0" script="support/food.lua">
		<vocation name="Druid"/>	
		<vocation name="Elder Druid"/>
		<vocation name="Paladin"/>	
		<vocation name="Royal Paladin"/>
	</instant>

	<!-- Conjuring Spells -->
	<instant group="support" name="Animate Dead Rune" words="adana mort" level="27" mana="600" soul="5" premium="1" aggressive="0" cooldown="2000" needlearn="0" script="conjuring/animate_dead_rune.lua">
		<vocation name="Sorcerer" />
		<vocation name="Druid" />
		<vocation name="Master Sorcerer" />
		<vocation name="Elder Druid" />
	</instant>
	<instant group="support" name="Blank Rune" words="adori blank" level="20" mana="50" soul="1" aggressive="0" cooldown="2000" needlearn="0" script="conjuring/blank_rune.lua">
		<vocation name="Druid" />
		<vocation name="Elder Druid" />
		<vocation name="Paladin" />
		<vocation name="Royal Paladin" />
		<vocation name="Sorcerer" />
		<vocation name="Master Sorcerer" />
	</instant>
	<instant group="support" name="Chameleon Rune" words="adevo ina" level="27" mana="600" soul="2" aggressive="0" cooldown="2000" needlearn="0" script="conjuring/chameleon_rune.lua">
		<vocation name="Druid" />
		<vocation name="Elder Druid" />
	</instant>
	<instant group="support" spellid="51" name="Conjure Arrow" words="exevo con" level="13" mana="100" soul="1" premium="0" aggressive="0" selftarget="1" cooldown="2000" needlearn="0" script="conjuring/conjure_arrow.lua">
		<vocation name="Paladin" />
		<vocation name="Royal Paladin" />
	</instant>
	<instant group="support" spellid="79" name="Conjure Bolt" words="exevo con mort" level="17" mana="140" soul="2" premium="1" aggressive="0" selftarget="1" cooldown="2000" needlearn="0" script="conjuring/conjure_bolt.lua">
		<vocation name="Paladin" />
		<vocation name="Royal Paladin" />
	</instant>
	<instant group="support" spellid="49" name="Conjure Explosive Arrow" words="exevo con flam" level="25" mana="290" soul="3" premium="0" aggressive="0" selftarget="1" cooldown="2000" needlearn="0" script="conjuring/conjure_explosive_arrow.lua">
		<vocation name="Paladin" />
		<vocation name="Royal Paladin" />
	</instant>
	<instant group="support" spellid="48" name="Conjure Poisoned Arrow" words="exevo con pox" level="16" mana="130" soul="2" premium="0" aggressive="0" selftarget="1" cooldown="2000" needlearn="0" script="conjuring/conjure_poisoned_arrow.lua">
		<vocation name="Paladin" />
		<vocation name="Royal Paladin" />
	</instant>
	<instant group="support" spellid="95" name="Conjure Power Bolt" words="exevo con vis" level="59" mana="700" soul="4" premium="1" aggressive="0" selftarget="1" cooldown="2000" needlearn="0" script="conjuring/conjure_power_bolt.lua">
		<vocation name="Royal Paladin" />
	</instant>
	<instant group="support" name="Convince Creature Rune" words="adeta sio" level="16" mana="200" soul="3" aggressive="0" cooldown="2000" needlearn="0" script="conjuring/convince_creature_rune.lua">
		<vocation name="Druid" />
		<vocation name="Elder Druid" />
	</instant>
	<instant group="support" name="Cure Poison Rune" words="adana pox" level="15" mana="200" soul="1" aggressive="0" cooldown="2000" needlearn="0" script="conjuring/cure_poison_rune.lua">
		<vocation name="Druid" />
		<vocation name="Elder Druid" />
	</instant>
	<instant group="support" name="Destroy Field Rune" words="adito grav" level="17" mana="120" soul="2" aggressive="0" cooldown="2000" needlearn="0" script="conjuring/destroy_field_rune.lua">
		<vocation name="Sorcerer" />
		<vocation name="Druid" />
		<vocation name="Paladin" />
		<vocation name="Master Sorcerer" />
		<vocation name="Elder Druid" />
		<vocation name="Royal Paladin" />
	</instant>
	<instant group="support" name="Disintegrate Rune" words="adito tera" level="21" mana="200" soul="3" premium="1" aggressive="0" cooldown="2000" needlearn="0" script="conjuring/disintegrate_rune.lua">
		<vocation name="Sorcerer" />
		<vocation name="Druid" />
		<vocation name="Paladin" />
		<vocation name="Master Sorcerer" />
		<vocation name="Elder Druid" />
		<vocation name="Royal Paladin" />
	</instant>
	<instant group="support" spellid="92" name="Enchant Staff" words="exeta vis" level="41" mana="80" premium="1" aggressive="0" selftarget="1" cooldown="2000" needlearn="0" script="conjuring/enchant_staff.lua">
		<vocation name="Master Sorcerer" />
	</instant>
	<instant group="support" name="Energy Bomb Rune" words="adevo mas vis" level="37" mana="880" soul="5" premium="1" aggressive="0" cooldown="2000" needlearn="0" script="conjuring/energy_bomb_rune.lua">
		<vocation name="Sorcerer" />
		<vocation name="Master Sorcerer" />
	</instant>
	<instant group="support" name="Energy Field Rune" words="adevo grav vis" level="18" mana="320" soul="2" aggressive="0" cooldown="2000" needlearn="0" script="conjuring/energy_field_rune.lua">
		<vocation name="Sorcerer" />
		<vocation name="Druid" />
		<vocation name="Master Sorcerer" />
		<vocation name="Elder Druid" />
	</instant>
	<instant group="support" name="Energy Wall Rune" words="adevo mas grav vis" level="41" mana="1000" soul="5" aggressive="0" cooldown="2000" needlearn="0" script="conjuring/energy_wall_rune.lua">
		<vocation name="Sorcerer" />
		<vocation name="Druid" />
		<vocation name="Master Sorcerer" />
		<vocation name="Elder Druid" />
	</instant>
	<instant group="support" name="Explosion Rune" words="adevo mas hur" level="31" mana="570" soul="4" aggressive="0" cooldown="2000" needlearn="0" script="conjuring/explosion_rune.lua">
		<vocation name="Sorcerer" />
		<vocation name="Druid" />
		<vocation name="Master Sorcerer" />
		<vocation name="Elder Druid" />
	</instant>
	<instant group="support" name="Fire Field Rune" words="adevo grav flam" level="15" mana="240" soul="1" aggressive="0" cooldown="2000" needlearn="0" script="conjuring/fire_field_rune.lua">
		<vocation name="Sorcerer" />
		<vocation name="Druid" />
		<vocation name="Master Sorcerer" />
		<vocation name="Elder Druid" />
	</instant>
	<instant group="support" name="Fire Bomb Rune" words="adevo mas flam" level="27" mana="600" soul="4" aggressive="0" cooldown="2000" needlearn="0" script="conjuring/fire_bomb_rune.lua">
		<vocation name="Sorcerer" />
		<vocation name="Druid" />
		<vocation name="Master Sorcerer" />
		<vocation name="Elder Druid" />
	</instant>
	<instant group="support" name="Fire Wall Rune" words="adevo mas grav flam" level="33" mana="780" soul="4" aggressive="0" cooldown="2000" needlearn="0" script="conjuring/fire_wall_rune.lua">
		<vocation name="Sorcerer" />
		<vocation name="Druid" />
		<vocation name="Master Sorcerer" />
		<vocation name="Elder Druid" />
	</instant>
	<instant group="support" name="Fireball Rune" words="adori flam" level="27" mana="460" soul="3" premium="1" aggressive="0" cooldown="2000" needlearn="0" script="conjuring/fireball_rune.lua">
		<vocation name="Sorcerer" />
		<vocation name="Master Sorcerer" />
	</instant>
	<instant group="support" name="Great Fireball Rune" words="adori gran flam" level="30" mana="530" soul="3" aggressive="0" cooldown="2000" needlearn="0" script="conjuring/great_fireball_rune.lua">
		<vocation name="Sorcerer" />
		<vocation name="Master Sorcerer" />
	</instant>
	<instant group="support" name="Heavy Magic Missile Rune" words="adori gran" level="25" mana="350" soul="2" aggressive="0" cooldown="2000" needlearn="0" script="conjuring/heavy_magic_missile_rune.lua">
		<vocation name="Sorcerer" />
		<vocation name="Master Sorcerer" />
		<vocation name="Druid" />
		<vocation name="Elder Druid" />
	</instant>
	<instant group="support" name="Intense Healing Rune" words="adura gran" level="15" mana="120" soul="2" aggressive="0" cooldown="2000" needlearn="0" script="conjuring/intense_healing_rune.lua">
		<vocation name="Druid" />
		<vocation name="Elder Druid" />
	</instant>
	<instant group="support" name="Light Magic Missile Rune" words="adori" level="15" mana="120" soul="1" aggressive="0" cooldown="2000" needlearn="0" script="conjuring/light_magic_missile_rune.lua">
		<vocation name="Sorcerer" />
		<vocation name="Druid" />
		<vocation name="Master Sorcerer" />
		<vocation name="Elder Druid" />
	</instant>
	<instant group="support" name="Magic Wall Rune" words="adevo grav tera" level="32" mana="750" soul="5" premium="1" aggressive="0" cooldown="2000" needlearn="0" script="conjuring/magic_wall_rune.lua">
		<vocation name="Sorcerer" />
		<vocation name="Master Sorcerer" />
	</instant>
	<instant group="support" name="Paralyze Rune" words="adana ani" level="54" mana="1400" soul="3" premium="1" aggressive="0" cooldown="2000" needlearn="0" script="conjuring/paralyze_rune.lua">
		<vocation name="Druid" />
		<vocation name="Elder Druid" />
	</instant>
	<instant group="support" name="Poison Bomb Rune" words="adevo mas pox" level="25" mana="520" soul="2" premium="1" aggressive="0" cooldown="2000" needlearn="0" script="conjuring/poison_bomb_rune.lua">
		<vocation name="Druid" />
		<vocation name="Elder Druid" />
	</instant>
	<instant group="support" name="Poison Field Rune" words="adevo grav pox" level="14" mana="200" soul="1" aggressive="0" cooldown="2000" needlearn="0" script="conjuring/poison_field_rune.lua">
		<vocation name="Sorcerer" />
		<vocation name="Druid" />
		<vocation name="Master Sorcerer" />
		<vocation name="Elder Druid" />
	</instant>
	<instant group="support" name="Poison Wall Rune" words="adevo mas grav pox" level="29" mana="640" soul="3" aggressive="0" cooldown="2000" needlearn="0" script="conjuring/poison_wall_rune.lua">
		<vocation name="Sorcerer" />
		<vocation name="Druid" />
		<vocation name="Master Sorcerer" />
		<vocation name="Elder Druid" />
	</instant>
	<instant group="support" name="Soulfire Rune" words="adevo res flam" level="27" mana="420" soul="3" premium="1" aggressive="0" cooldown="2000" needlearn="0" script="conjuring/soulfire_rune.lua">
		<vocation name="Sorcerer" />
		<vocation name="Druid" />
		<vocation name="Master Sorcerer" />
		<vocation name="Elder Druid" />
	</instant>
	<instant group="support" name="Stalagmite Rune" words="adevo res pox" level="24" mana="350" soul="2" premium="0" aggressive="0" cooldown="2000" needlearn="0" script="conjuring/stalagmite_rune.lua">
		<vocation name="Sorcerer" />
		<vocation name="Master Sorcerer" />
		<vocation name="Druid" />
		<vocation name="Elder Druid" />
	</instant>
	<instant group="support" name="Sudden Death Rune" words="adori vita vis" level="45" mana="985" soul="5" aggressive="0" cooldown="2000" needlearn="0" script="conjuring/sudden_death_rune.lua">
		<vocation name="Sorcerer" />
		<vocation name="Master Sorcerer" />
	</instant>
	<instant group="support" name="Ultimate Healing Rune" words="adura vita" level="24" mana="400" soul="3" aggressive="0" cooldown="2000" needlearn="0" script="conjuring/ultimate_healing_rune.lua">
		<vocation name="Druid" />
		<vocation name="Elder Druid" />
	</instant>

	<!-- House Spells -->
	<instant name="House Door List" words="aleta grav" casterTargetOrDirection="1" aggressive="0" script="house/edit_door.lua" />
	<instant name="House Guest List" words="aleta sio" aggressive="0" script="house/invite_guests.lua" />
	<instant name="House Kick" words="alana sio" aggressive="0" playernameparam="1" params="1" script="house/kick_guest.lua" />
	<instant name="House Subowner List" words="aleta som" aggressive="0" script="house/invite_subowners.lua" />

	<!-- Monster Spells -->
	<!--
		<instant name="name" words="###1" aggressive="1" blockwalls="1" needtarget="1" needlearn="1" script="template.lua"/
	-->
</spells>